Image,target
108.jpg,manipuri
11.jpg,kathak
110.jpg,manipuri
112.jpg,kathak
114.jpg,sattriya
119.jpg,kuchipudi
125.jpg,sattriya
128.jpg,mohiniyattam
129.jpg,manipuri
13.jpg,mohiniyattam
132.jpg,kathak
138.jpg,odissi
14.jpg,kathak
145.jpg,kathak
146.jpg,kuchipudi
147.jpg,odissi
150.jpg,kuchipudi
152.jpg,bharatanatyam
157.jpg,kuchipudi
162.jpg,odissi
17.jpg,sattriya
170.jpg,manipuri
171.jpg,kathakali
173.jpg,bharatanatyam
175.jpg,kathak
183.jpg,mohiniyattam
189.jpg,mohiniyattam
193.jpg,kathak
194.jpg,kathakali
196.jpg,kathak
198.jpg,kathak
20.jpg,manipuri
200.jpg,mohiniyattam
202.jpg,mohiniyattam
206.jpg,mohiniyattam
210.jpg,mohiniyattam
215.jpg,mohiniyattam
216.jpg,mohiniyattam
217.jpg,kathak
220.jpg,manipuri
224.jpg,sattriya
226.jpg,kuchipudi
23.jpg,kathak
232.jpg,kathakali
238.jpg,mohiniyattam
239.jpg,odissi
246.jpg,kathak
256.jpg,kathak
264.jpg,kuchipudi
269.jpg,manipuri
270.jpg,odissi
271.jpg,mohiniyattam
275.jpg,kathak
278.jpg,kathak
28.jpg,kathak
280.jpg,odissi
283.jpg,manipuri
284.jpg,odissi
285.jpg,kathakali
286.jpg,mohiniyattam
290.jpg,mohiniyattam
291.jpg,mohiniyattam
292.jpg,sattriya
301.jpg,manipuri
302.jpg,kathak
306.jpg,kathakali
316.jpg,mohiniyattam
317.jpg,kathak
318.jpg,odissi
323.jpg,sattriya
324.jpg,odissi
33.jpg,kathak
330.jpg,sattriya
332.jpg,mohiniyattam
34.jpg,kathak
340.jpg,odissi
346.jpg,kathak
349.jpg,kathakali
35.jpg,kathak
354.jpg,sattriya
358.jpg,sattriya
360.jpg,kathak
363.jpg,mohiniyattam
366.jpg,sattriya
373.jpg,kathak
374.jpg,odissi
375.jpg,manipuri
378.jpg,kathak
38.jpg,manipuri
380.jpg,kathakali
385.jpg,kathak
386.jpg,bharatanatyam
390.jpg,odissi
392.jpg,bharatanatyam
394.jpg,kathak
398.jpg,sattriya
40.jpg,kuchipudi
401.jpg,kuchipudi
41.jpg,kathakali
410.jpg,kathak
411.jpg,kuchipudi
414.jpg,mohiniyattam
416.jpg,kathak
421.jpg,kuchipudi
424.jpg,kathak
429.jpg,odissi
431.jpg,kuchipudi
437.jpg,sattriya
438.jpg,kuchipudi
439.jpg,kuchipudi
440.jpg,kathak
441.jpg,kathak
447.jpg,odissi
448.jpg,manipuri
45.jpg,kathak
456.jpg,kathakali
457.jpg,kuchipudi
458.jpg,bharatanatyam
460.jpg,odissi
461.jpg,odissi
463.jpg,odissi
465.jpg,manipuri
467.jpg,sattriya
470.jpg,odissi
473.jpg,kathak
479.jpg,odissi
48.jpg,mohiniyattam
482.jpg,odissi
484.jpg,odissi
485.jpg,odissi
487.jpg,odissi
495.jpg,odissi
498.jpg,mohiniyattam
505.jpg,kathak
506.jpg,kathakali
507.jpg,odissi
508.jpg,mohiniyattam
510.jpg,mohiniyattam
514.jpg,kuchipudi
517.jpg,sattriya
518.jpg,mohiniyattam
520.jpg,kathak
55.jpg,kathak
57.jpg,kathak
59.jpg,odissi
6.jpg,manipuri
61.jpg,kathak
64.jpg,kathak
67.jpg,kathak
71.jpg,kathak
80.jpg,manipuri
86.jpg,manipuri
9.jpg,kuchipudi
92.jpg,mohiniyattam
95.jpg,manipuri
97.jpg,kuchipudi
